action,handle,title,type,gender,price,media_count,score
KEEP,voltcore-2-piece-set-twist-front-bra-flare-leggings,"Women's Voltcore 2-Piece Set: Twist Front Bra + Flare Leggings, Black, 220 GSM — HIVOLT",Set,female,79.0,9,12.0
KEEP,womens-training-set-bra-ankle-leggings,"Women's Training Outfit Set: Cropped Bra + Ankle Leggings, Black, 230 GSM — HIVOLT",Set,female,79.0,4,10.5
KEEP,womens-yoga-set-halter-bra-yoga-pants,"Women's Yoga Outfit Set: Halter Bra + High Waisted Yoga Pants, Black, 220 GSM — HIVOLT",Set,female,89.0,4,10.5
KEEP,mens-training-set-tee-shorts,"Men's Training Outfit Set: Performance Tee + Drawstring Shorts, Black — HIVOLT",Set,male,65.0,4,10.5
KEEP,women-s-high-waisted-flare-leggings,"Women's High Waisted Flare Leggings, Black, 220 GSM — HIVOLT",Leggings,female,54.0,5,8.0
KEEP,womens-color-block-yoga-leggings,"Women's Color Block Yoga Leggings, Black, 250 GSM — HIVOLT",Leggings,female,64.0,2,5.0
KEEP,womens-high-rise-ankle-length-yoga-leggings,"Women's High Waisted Ankle Length Yoga Leggings, Black/White, 270 GSM — HIVOLT",Leggings,female,69.0,2,5.0
KEEP,womens-high-rise-flared-yoga-pants,"Women's High Waisted Flared Yoga Pants, Black — HIVOLT",Yoga Pants,female,59.0,2,4.0
KEEP,women-s-high-rise-topstitching-leggings,"Women's High Waisted Topstitching Leggings, Black — HIVOLT",Leggings,female,54.0,2,4.0
KEEP,womens-flared-drawstring-yoga-pants,"Women's Flared Drawstring Yoga Pants, Black, 240 GSM — HIVOLT",Yoga Pants,female,59.0,2,4.0
KEEP,womens-high-rise-ankle-length-leggings,"Women's High Waisted Ankle Length Leggings, Black, 230 GSM — HIVOLT",Leggings,female,59.0,2,4.0
ARCHIVE,womens-high-rise-yoga-pants,"Women's High Waisted Yoga Pants, Black, 220 GSM — HIVOLT",Yoga Pants,female,54.0,2,4.0
ARCHIVE,womens-high-rise-flared-leggings,"Women's High Waisted Flared Leggings, Black, 220 GSM — HIVOLT",Leggings,female,54.0,2,4.0
ARCHIVE,women-s-faux-denim-zip-fly-leggings,"Women's Faux Denim Zip-Fly Leggings, Light Blue — HIVOLT",Leggings,female,49.0,2,4.0
ARCHIVE,women-s-high-waisted-ankle-leggings,"Women's High Waisted Ankle Leggings, Black, 220 GSM — HIVOLT",Leggings,female,54.0,2,4.0
ARCHIVE,women-s-solid-high-rise-leggings,"Women's Solid High Waisted Leggings, Black, 220 GSM — HIVOLT",Leggings,female,54.0,2,4.0
KEEP,soft-hooded-sports-jacket,"Unisex Soft Hooded Sports Jacket, Light Gray — HIVOLT",Hoodie,unisex,69.0,2,3.0
ARCHIVE,cropped-half-zip-hoodie,"Women's Cropped Half-Zip Hoodie, Black, 320 GSM — HIVOLT",Hoodie,female,69.0,2,3.0
ARCHIVE,womens-full-zip-sports-jacket,"Women's Full-Zip Sports Jacket, Black — HIVOLT",Jacket,female,69.0,2,3.0
ARCHIVE,cropped-half-zip-sweatshirt,"Women's Cropped Half-Zip Sweatshirt, Black, 320 GSM — HIVOLT",Sweatshirt,female,69.0,2,3.0
ARCHIVE,cropped-zip-through-hoodie,"Women's Cropped Zip-Through Hoodie, Black, 320 GSM — HIVOLT",Hoodie,female,69.0,2,3.0
ARCHIVE,women-s-slim-fit-full-zip-yoga-jacket,"Women's Slim Fit Full-Zip Yoga Jacket, Black, 230 GSM — HIVOLT",Jacket,female,69.0,2,3.0
ARCHIVE,women-s-quarter-zip-yoga-pullover,"Women's Quarter-Zip Yoga Pullover, Black, 165 GSM — HIVOLT",Sweatshirt,female,69.0,2,3.0
KEEP,mens-piping-straight-leg-sweatpants,"Men's Piping Straight Leg Sweatpants, Black, 285 GSM — HIVOLT",Sweatpants,male,69.0,2,3.0
KEEP,men-s-tapered-leg-drawstring-joggers,"Men's Tapered Leg Drawstring Joggers, Black, 330 GSM — HIVOLT",Joggers,male,69.0,2,3.0
KEEP,mens-drawstring-joggers,"Men's Drawstring Joggers, Black, 130 GSM — HIVOLT",Joggers,male,69.0,2,3.0
ARCHIVE,womens-high-rise-wide-leg-pants,"Women's High Waisted Wide Leg Pants, Black, 140 GSM — HIVOLT",Pants,female,64.0,2,3.0
KEEP,two-tone-fleeced-varsity-jacket,"Unisex Two-Tone Fleeced Varsity Jacket, Black/White, 380 GSM — HIVOLT",Jacket,unisex,74.0,2,3.0
KEEP,two-tone-raglan-sleeve-varsity-jacket,"Unisex Two Tone Raglan Varsity Jacket, Black/Apricot, 380 GSM — HIVOLT",Jacket,unisex,72.0,2,3.0
ARCHIVE,womens-halter-neck-yoga-sports-bra,"Women's Halter Neck Yoga Sports Bra, Black — HIVOLT",Sports Bra,female,49.0,2,2.5
ARCHIVE,womens-color-block-yoga-sports-bra,"Women's Color Block Yoga Sports Bra, White, 250 GSM — HIVOLT",Sports Bra,female,49.0,2,2.5
ARCHIVE,womens-topstitching-yoga-sports-bra,"Women's Topstitching Yoga Sports Bra, Light Apricot — HIVOLT",Sports Bra,female,49.0,2,2.5
ARCHIVE,womens-criss-cross-band-sports-bra,"Women's Criss-Cross Back Sports Bra, White — HIVOLT",Sports Bra,female,54.0,2,2.5
ARCHIVE,womens-high-rise-straight-leg-yoga-pants,"Women's High Waisted Straight Leg Yoga Pants, Black, 230 GSM — HIVOLT",Pants,female,54.0,2,2.0
KEEP,unisex-panel-mesh-sleeveless-hoodie,"Unisex Panel Mesh Sleeveless Hoodie, Black — HIVOLT",Hoodie,unisex,59.0,2,2.0
ARCHIVE,women-s-color-block-yoga-sports-bra,"Women's Color Block Yoga Sports Bra, Black, 220 GSM — HIVOLT",Sports Bra,female,42.0,2,1.5
ARCHIVE,women-s-tight-cropped-sports-bra,"Women's Tight Cropped Sports Bra, Black — HIVOLT",Sports Bra,female,42.0,2,1.5
ARCHIVE,womens-cropped-v-neck-sports-bra,"Women's Cropped V-Neck Sports Bra, Beige — HIVOLT",Sports Bra,female,42.0,2,1.5
ARCHIVE,womens-u-neck-yoga-sports-bra,"Women's U-Neck Yoga Sports Bra, Black, 220 GSM — HIVOLT",Sports Bra,female,42.0,2,1.5
ARCHIVE,womens-tight-yoga-sports-bra,"Women's Tight Yoga Sports Bra, Black — HIVOLT",Sports Bra,female,42.0,2,1.5
ARCHIVE,women-s-color-block-ruched-v-neck-sports-bra,"Women's Color Block Ruched V-Neck Sports Bra, Black, 230 GSM — HIVOLT",Sports Bra,female,42.0,2,1.5
ARCHIVE,women-s-faux-denim-sports-bra,"Women's Faux Denim Sports Bra, Light Blue — HIVOLT",Sports Bra,female,42.0,2,1.5
ARCHIVE,womens-halter-yoga-sports-bra,"Women's Halter Yoga Sports Bra, Black/White, 270 GSM — HIVOLT",Sports Bra,female,42.0,2,1.5
ARCHIVE,women-s-cropped-sports-bra,"Women's Cropped Sports Bra, Black — HIVOLT",Sports Bra,female,38.0,2,0.5
KEEP,men-s-quarter-zip-raglan-training-t-shirt,"Men's Quarter-Zip Raglan Training T-Shirt, Static Blue — HIVOLT",T-Shirt,male,54.0,2,0.5
KEEP,men-s-quarter-zip-performance-polo-shirt,"Men's Quarter-Zip Performance Polo Shirt, Black, 175 GSM — HIVOLT",T-Shirt,male,54.0,2,0.5
ARCHIVE,womens-slim-fit-quarter-zip-polo-shirt,"Women's Slim Fit Quarter-Zip Polo Shirt, Black, 160 GSM — HIVOLT",T-Shirt,female,54.0,2,0.5
ARCHIVE,women-s-twist-front-v-neck-sports-bra,"Women's Twist Front V-Neck Sports Bra, Black — HIVOLT",Sports Bra,female,38.0,2,0.5
ARCHIVE,womens-ruched-halter-neck-sports-bra,"Women's Ruched Halter-Neck Sports Bra, Black — HIVOLT",Sports Bra,female,38.0,1,0.5
ARCHIVE,men-s-quarter-zip-performance-long-sleeve-t-shirt,"Men's Quarter-Zip Long Sleeve Training T-Shirt, Static Gray, 190 GSM — HIVOLT",T-Shirt,male,54.0,2,0.5
ARCHIVE,women-s-cropped-sports-bra-1,"Women's High-Stretch Cropped Sports Bra, Black, 220 GSM — HIVOLT",Sports Bra,female,38.0,2,0.5
ARCHIVE,womens-full-zip-ruched-bodysuit,"Women's Full-Zip Ruched Bodysuit, Black, 315 GSM — HIVOLT",Bodysuit,female,59.0,2,0.5
ARCHIVE,womens-yoga-sports-bra,"Women's Yoga Sports Bra, Black, 220 GSM — HIVOLT",Sports Bra,female,38.0,2,0.5
ARCHIVE,unisex-raglan-sleeve-mesh-boxy-t-shirt,"Unisex Raglan Sleeve Mesh Boxy T-Shirt, White/Blue, 255 GSM — HIVOLT",T-Shirt,unisex,48.0,2,0.5
ARCHIVE,unisex-color-block-polo-shirt,"Unisex Color Block Polo Shirt, Black, 330 GSM — HIVOLT",Polo Shirt,unisex,54.0,2,0.5
ARCHIVE,unisex-color-block-v-neck-t-shirt,"Unisex Color Block V-Neck T-Shirt, White, 230 GSM — HIVOLT",T-Shirt,unisex,54.0,2,0.5
ARCHIVE,unisex-color-block-v-neck-t-shirt-1,"Unisex Color Block V-Neck T-Shirt, Black/Red, 230 GSM — HIVOLT",T-Shirt,unisex,54.0,2,0.5
ARCHIVE,unisex-color-block-raglan-t-shirt,"Unisex Color Block Raglan T-Shirt, Army Green, 230 GSM — HIVOLT",T-Shirt,unisex,54.0,2,0.5
ARCHIVE,womens-color-block-performance-t-shirt,"Women's Color Block Performance T-Shirt, Black, 220 GSM — HIVOLT",T-Shirt,female,42.0,2,-0.5
ARCHIVE,womens-cutout-long-sleeve-yoga-shrug,"Women's Cutout Long Sleeve Yoga Shrug, Beige — HIVOLT",T-Shirt,female,42.0,2,-0.5
ARCHIVE,mens-raglan-sleeve-performance-t-shirt,"Men's Raglan Sleeve Performance T-Shirt, Black, 120 GSM — HIVOLT",T-Shirt,male,42.0,2,-0.5
ARCHIVE,women-s-raglan-training-t-shirt,"Women's Raglan Training T-Shirt, Gray Blue, 170 GSM — HIVOLT",T-Shirt,female,42.0,2,-0.5
ARCHIVE,unisex-striped-raglan-long-sleeve-t-shirt,"Unisex Striped Raglan Long Sleeve T-Shirt, Black/White, 220 GSM — HIVOLT",T-Shirt,unisex,42.0,2,-0.5
ARCHIVE,men-s-lightweight-performance-t-shirt,"Men's High-Stretch Lightweight Gym T-Shirt, Black, 170 GSM — HIVOLT",T-Shirt,male,42.0,2,-0.5
ARCHIVE,women-s-color-block-yoga-tank-top,"Women's Color Block Yoga Tank Top, White/Green — HIVOLT",Tank Top,female,49.0,1,-1.0
ARCHIVE,performance-short-sleeve-t-shirt,"Unisex Performance Training T-Shirt, Black — HIVOLT",T-Shirt,unisex,34.0,2,-1.5
ARCHIVE,performance-long-sleeve-t-shirt,"Unisex Performance Long Sleeve T-Shirt, Black — HIVOLT",T-Shirt,unisex,38.0,2,-1.5
ARCHIVE,womens-performance-crop-t-shirt,"Women's Performance Crop T-Shirt, Black — HIVOLT",T-Shirt,female,34.0,2,-1.5
ARCHIVE,men-s-jacquard-slim-mesh-t-shirt,"Men's Jacquard Slim Mesh Training T-Shirt, Black — HIVOLT",T-Shirt,male,34.0,2,-1.5
ARCHIVE,mens-regular-fit-performance-t-shirt,"Men's Regular Fit Performance T-Shirt, Black — HIVOLT",T-Shirt,male,34.0,2,-1.5
ARCHIVE,men-s-lightweight-sport-jersey,"Men's Lightweight Sport Jersey, Black — HIVOLT",T-Shirt,male,34.0,2,-1.5
ARCHIVE,mens-color-block-raglan-t-shirt,"Men's Color Block Raglan T-Shirt, Black, 175 GSM — HIVOLT",T-Shirt,male,34.0,2,-1.5
ARCHIVE,mens-lightweight-performance-t-shirt,"Men's Lightweight Performance T-Shirt, Black, 170 GSM — HIVOLT",T-Shirt,male,34.0,2,-1.5
ARCHIVE,womens-regular-fit-crewneck-t-shirt,"Women's Regular Fit Crewneck T-Shirt, White, 130 GSM — HIVOLT",T-Shirt,female,34.0,2,-1.5
ARCHIVE,men-s-raglan-reflective-t-shirt,"Men's Raglan Reflective Running T-Shirt, Black, 91 GSM — HIVOLT",T-Shirt,male,38.0,2,-1.5
ARCHIVE,womens-open-back-tennis-dress,"Women's Open-Back Tennis Dress, Black — HIVOLT",Dress,female,64.0,2,-2.0
ARCHIVE,womens-topstitching-yoga-tank-top,"Women's Topstitching Yoga Tank Top, Light Apricot — HIVOLT",Tank Top,female,49.0,2,-3.0
ARCHIVE,womens-u-neck-yoga-romper,"Women's U-Neck Yoga Romper, Black — HIVOLT",Romper,female,59.0,2,-3.0
ARCHIVE,womens-color-block-yoga-tank-top,"Women's Color Block Yoga Tank Top, Beige — HIVOLT",Tank Top,female,49.0,2,-3.0
ARCHIVE,women-s-polo-yoga-tank-top,"Women's Polo Yoga Tank Top, Black/White, 320 GSM — HIVOLT",Tank Top,female,49.0,2,-3.0
ARCHIVE,womens-high-rise-a-line-skirt,"Women's High Rise A-Line Sports Skirt, Black — HIVOLT",Skirt,female,49.0,2,-3.0
ARCHIVE,womens-quarter-zip-yoga-romper,"Women's Quarter-Zip Yoga Romper, Black — HIVOLT",Romper,female,59.0,2,-3.0
ARCHIVE,women-s-color-block-a-line-skirt,"Women's Color Block A-Line Sports Skirt, Black — HIVOLT",Skirt,female,49.0,2,-3.0
ARCHIVE,unisex-boxy-v-neck-soccer-jersey,"Unisex Boxy V-Neck Soccer Jersey, Black/Red, 220 GSM — HIVOLT",Jersey,unisex,49.0,2,-3.0
ARCHIVE,unisex-paneled-long-sleeve-jersey,"Unisex Paneled Long Sleeve Sports Jersey, Black, 225 GSM — HIVOLT",Jersey,unisex,49.0,2,-3.0
ARCHIVE,unisex-paneled-raglan-soccer-jersey,"Unisex Paneled Raglan Soccer Jersey, Black, 250 GSM — HIVOLT",Jersey,unisex,49.0,2,-3.0
ARCHIVE,mens-drawstring-shorts,"Men's Drawstring Training Shorts, Black — HIVOLT",Shorts,male,42.0,2,-4.0
ARCHIVE,classic-stripe-trim-basketball-shorts,"Men's Stripe Trim Basketball Shorts, Black — HIVOLT",Shorts,male,42.0,2,-4.0
ARCHIVE,womens-yoga-tank-top,"Women's Yoga Tank Top, Black, 220 GSM — HIVOLT",Tank Top,female,42.0,2,-4.0
ARCHIVE,womens-high-rise-pocket-yoga-shorts,"Women's High Rise Pocket Yoga Shorts, Black, 230 GSM — HIVOLT",Shorts,female,42.0,2,-4.0
ARCHIVE,women-s-high-rise-color-block-yoga-shorts,"Women's Smooth Color Block Yoga Shorts, Black, 220 GSM — HIVOLT",Shorts,female,42.0,2,-4.0
ARCHIVE,womens-ruched-halter-neck-yoga-tank-top,"Women's Ruched Halter Neck Yoga Tank Top, Black — HIVOLT",Tank Top,female,42.0,2,-4.0
ARCHIVE,women-s-pleated-a-line-tennis-skirt,"Women's Pleated A-Line Tennis Skirt, Black — HIVOLT",Skirt,female,42.0,2,-4.0
ARCHIVE,womens-drawstring-bermuda-shorts,"Women's Drawstring Bermuda Shorts, Black, 140 GSM — HIVOLT",Shorts,female,42.0,2,-4.0
ARCHIVE,womens-halter-yoga-tank-top,"Women's Halter Yoga Tank Top, Black, 220 GSM — HIVOLT",Tank Top,female,42.0,2,-4.0
ARCHIVE,womens-pleated-a-line-skirt,"Women's Pleated A-Line Sports Skirt, Black, 220 GSM — HIVOLT",Skirt,female,42.0,2,-4.0
ARCHIVE,womens-cropped-yoga-tank-top,"Women's Cropped Yoga Tank Top, Black, 240 GSM — HIVOLT",Tank Top,female,42.0,2,-4.0
ARCHIVE,mens-regular-fit-performance-shorts,"Men's Regular Fit Performance Gym Shorts, Black, 120 GSM — HIVOLT",Shorts,male,42.0,2,-4.0
ARCHIVE,men-s-tight-cycling-shorts,"Men's Tight Cycling Shorts, Black, 180 GSM — HIVOLT",Shorts,male,42.0,2,-4.0
ARCHIVE,mens-drawstring-basketball-shorts,"Men's Drawstring Basketball Shorts, Black, 120 GSM — HIVOLT",Shorts,male,42.0,2,-4.0
ARCHIVE,womens-high-rise-yoga-shorts,"Women's High Rise Yoga Shorts, Black, 220 GSM — HIVOLT",Shorts,female,42.0,2,-4.0
ARCHIVE,women-s-high-waisted-pocket-biker-shorts,"Women's High-Waisted Pocket Biker Shorts, Black, 210 GSM — HIVOLT",Shorts,female,42.0,2,-4.0
ARCHIVE,womens-high-rise-tight-yoga-shorts,"Women's High Rise Tight Yoga Shorts, Black, 220 GSM — HIVOLT",Shorts,female,42.0,2,-4.0
ARCHIVE,unisex-striped-raglan-jersey,"Unisex Striped Raglan Sports Jersey, White/Black, 150 GSM — HIVOLT",Jersey,unisex,42.0,2,-4.0
ARCHIVE,unisex-color-block-jacquard-soccer-jersey,"Unisex Color Block Jacquard Soccer Jersey, Black, 150 GSM — HIVOLT",Jersey,unisex,42.0,2,-4.0
ARCHIVE,unisex-boxy-striped-collared-soccer-jersey,"Unisex Boxy Striped Collared Soccer Jersey, Black/Red, 170 GSM — HIVOLT",Jersey,unisex,42.0,2,-4.0
ARCHIVE,unisex-mesh-basketball-shorts,"Unisex Mesh Basketball Shorts, Black, 240 GSM — HIVOLT",Shorts,unisex,42.0,2,-4.0
ARCHIVE,unisex-color-block-long-sleeve-jersey,"Unisex Color Block Long Sleeve Sports Jersey, Black/Red, 170 GSM — HIVOLT",Jersey,unisex,42.0,2,-4.0
ARCHIVE,womens-halter-v-neck-yoga-tank-top,"Women's Halter V-Neck Yoga Tank Top, Black — HIVOLT",Tank Top,female,34.0,2,-5.0
ARCHIVE,mens-performance-tank-top,"Men's Performance Tank Top, Black — HIVOLT",Tank Top,male,34.0,2,-5.0
ARCHIVE,womens-yoga-cropped-tube-top,"Women's Yoga Cropped Tube Top, Black, 220 GSM — HIVOLT",Tank Top,female,34.0,2,-5.0
ARCHIVE,men-s-jacquard-performance-tank-top,"Men's Jacquard Performance Tank Top, Black — HIVOLT",Tank Top,male,34.0,2,-5.0
ARCHIVE,men-s-slim-fit-topstitch-tank-top,"Men's Slim-Fit Topstitch Tank Top, Black — HIVOLT",Tank Top,male,34.0,2,-5.0
