Handle,Command,Image Src,Image Command
cropped-zip-through-hoodie,UPDATE,https://cdn.shopify.com/s/files/1/0799/8639/3320/files/hf_20260801_154647_845ff904-ba36-4861-ab83-64a9d4897087.png?v=1785599289,DELETE
mens-drawstring-shorts,UPDATE,https://cdn.shopify.com/s/files/1/0799/8639/3320/files/hf_20260801_143820_8d32d106-fead-4d31-ac2c-b140d8b6876d.png?v=1785595182,DELETE
men-s-lightweight-performance-t-shirt,UPDATE,https://cdn.shopify.com/s/files/1/0799/8639/3320/files/hf_20260801_141226_87ba992e-581b-42bf-9145-5ca82d7e11c8.png?v=1785593636,DELETE
men-s-jacquard-performance-tank-top,UPDATE,https://cdn.shopify.com/s/files/1/0799/8639/3320/files/hf_20260801_143803_579716b1-e69e-4daf-822e-3b6800f9e3d6.png?v=1785595172,DELETE
men-s-jacquard-slim-mesh-t-shirt,UPDATE,https://cdn.shopify.com/s/files/1/0799/8639/3320/files/hf_20260801_143805_52495454-5cbd-40ab-a670-0642620756fb.png?v=1785595173,DELETE
men-s-lightweight-sport-jersey,UPDATE,https://cdn.shopify.com/s/files/1/0799/8639/3320/files/hf_20260801_143811_863dba3a-d978-415e-9c39-9016e4a6cc34.png?v=1785595173,DELETE
men-s-quarter-zip-performance-long-sleeve-t-shirt,UPDATE,https://cdn.shopify.com/s/files/1/0799/8639/3320/files/q4-qzls-studio.png?v=1785429654,DELETE
men-s-quarter-zip-performance-long-sleeve-t-shirt,UPDATE,https://cdn.shopify.com/s/files/1/0799/8639/3320/files/q4-qzls-life.png?v=1785429656,DELETE
men-s-quarter-zip-performance-long-sleeve-t-shirt,UPDATE,https://cdn.shopify.com/s/files/1/0799/8639/3320/files/q4-qzls-back.png?v=1785429654,DELETE
men-s-quarter-zip-performance-long-sleeve-t-shirt,UPDATE,https://cdn.shopify.com/s/files/1/0799/8639/3320/files/q4-qzls-detail.png?v=1785429654,DELETE
men-s-quarter-zip-performance-long-sleeve-t-shirt,UPDATE,https://cdn.shopify.com/s/files/1/0799/8639/3320/files/q4-qzls-candid.png?v=1785429654,DELETE
men-s-quarter-zip-performance-polo-shirt,UPDATE,https://cdn.shopify.com/s/files/1/0799/8639/3320/files/hf_20260801_143812_b24d8602-5777-4a5a-a162-be3267e84e09.png?v=1785595173,DELETE
men-s-quarter-zip-raglan-training-t-shirt,UPDATE,https://cdn.shopify.com/s/files/1/0799/8639/3320/files/hf_20260801_143815_e7d15aa6-2477-47ec-a025-a5daece0b251.png?v=1785595181,DELETE
men-s-raglan-reflective-t-shirt,UPDATE,https://cdn.shopify.com/s/files/1/0799/8639/3320/files/hf_20260801_141236_ac32a807-a8be-450b-9c5b-c9fab907aeb3.png?v=1785593645,DELETE
men-s-slim-fit-topstitch-tank-top,UPDATE,https://cdn.shopify.com/s/files/1/0799/8639/3320/files/hf_20260801_143818_f0ec937a-0d54-4290-a92e-7a6f38b69884.png?v=1785595181,DELETE
classic-stripe-trim-basketball-shorts,UPDATE,https://cdn.shopify.com/s/files/1/0799/8639/3320/files/hf_20260801_141239_08a31b62-4cb6-4e5c-b687-2d983bf915f3.png?v=1785593645,DELETE
men-s-tapered-leg-drawstring-joggers,UPDATE,https://cdn.shopify.com/s/files/1/0799/8639/3320/files/hf_20260801_154634_2051a9e2-64ee-47f2-90a5-f8e184b457f0.png?v=1785599281,DELETE
men-s-tapered-leg-drawstring-joggers,UPDATE,https://cdn.shopify.com/s/files/1/0799/8639/3320/files/q4-joggers-studio.png?v=1785429653,DELETE
men-s-tapered-leg-drawstring-joggers,UPDATE,https://cdn.shopify.com/s/files/1/0799/8639/3320/files/q4-joggers-life.png?v=1785429654,DELETE
men-s-tapered-leg-drawstring-joggers,UPDATE,https://cdn.shopify.com/s/files/1/0799/8639/3320/files/q4-joggers-back.png?v=1785429653,DELETE
men-s-tapered-leg-drawstring-joggers,UPDATE,https://cdn.shopify.com/s/files/1/0799/8639/3320/files/q4-joggers-detail.png?v=1785429654,DELETE
men-s-tapered-leg-drawstring-joggers,UPDATE,https://cdn.shopify.com/s/files/1/0799/8639/3320/files/q4-joggers-candid.png?v=1785429654,DELETE
men-s-tight-cycling-shorts,UPDATE,https://cdn.shopify.com/s/files/1/0799/8639/3320/files/hf_20260801_154639_1c390855-752a-4afc-8cfa-48a13729d3a7.png?v=1785599282,DELETE
men-s-tight-cycling-shorts,UPDATE,https://cdn.shopify.com/s/files/1/0799/8639/3320/files/q5-cycling-studio.png?v=1785429586,DELETE
men-s-tight-cycling-shorts,UPDATE,https://cdn.shopify.com/s/files/1/0799/8639/3320/files/q5-cycling-life.png?v=1785429586,DELETE
men-s-tight-cycling-shorts,UPDATE,https://cdn.shopify.com/s/files/1/0799/8639/3320/files/q5-cycling-back.png?v=1785429586,DELETE
men-s-tight-cycling-shorts,UPDATE,https://cdn.shopify.com/s/files/1/0799/8639/3320/files/q5-cycling-detail.png?v=1785429586,DELETE
men-s-tight-cycling-shorts,UPDATE,https://cdn.shopify.com/s/files/1/0799/8639/3320/files/q5-cycling-candid.png?v=1785429587,DELETE
mens-color-block-raglan-t-shirt,UPDATE,https://cdn.shopify.com/s/files/1/0799/8639/3320/files/hf_20260801_143819_30165636-b24a-4c5a-8cf4-30d50b429b4b.png?v=1785595181,DELETE
mens-drawstring-basketball-shorts,UPDATE,https://cdn.shopify.com/s/files/1/0799/8639/3320/files/hf_20260801_141244_e9e1ab39-6d42-423b-9d52-a34f0baf9ac4.png?v=1785593646,DELETE
mens-drawstring-joggers,UPDATE,https://cdn.shopify.com/s/files/1/0799/8639/3320/files/hf_20260801_154642_70a52ca8-9d95-4358-a0ca-1b9a73d585d3.png?v=1785599289,DELETE
mens-drawstring-joggers,UPDATE,https://cdn.shopify.com/s/files/1/0799/8639/3320/files/mens-joggers-onmodel.png?v=1785434092,DELETE
mens-lightweight-performance-t-shirt,UPDATE,https://cdn.shopify.com/s/files/1/0799/8639/3320/files/b6-m-lw-tee-onmodel.png?v=1785434093,DELETE
mens-piping-straight-leg-sweatpants,UPDATE,https://cdn.shopify.com/s/files/1/0799/8639/3320/files/hf_20260801_154637_db1d13c8-6cd3-42dd-a8e1-faed61307299.png?v=1785599282,DELETE
mens-piping-straight-leg-sweatpants,UPDATE,https://cdn.shopify.com/s/files/1/0799/8639/3320/files/q7-sweatpants-studio.png?v=1785382714,DELETE
mens-piping-straight-leg-sweatpants,UPDATE,https://cdn.shopify.com/s/files/1/0799/8639/3320/files/q7-sweatpants-life.png?v=1785382714,DELETE
mens-piping-straight-leg-sweatpants,UPDATE,https://cdn.shopify.com/s/files/1/0799/8639/3320/files/q7-sweatpants-back.png?v=1785382713,DELETE
mens-piping-straight-leg-sweatpants,UPDATE,https://cdn.shopify.com/s/files/1/0799/8639/3320/files/q7-sweatpants-detail.png?v=1785382713,DELETE
mens-piping-straight-leg-sweatpants,UPDATE,https://cdn.shopify.com/s/files/1/0799/8639/3320/files/q7-sweatpants-candid.png?v=1785382714,DELETE
mens-raglan-sleeve-performance-t-shirt,UPDATE,https://cdn.shopify.com/s/files/1/0799/8639/3320/files/b7-m-raglan-front.png?v=1785433998,DELETE
mens-raglan-sleeve-performance-t-shirt,UPDATE,https://cdn.shopify.com/s/files/1/0799/8639/3320/files/b7-m-raglan-back.png?v=1785433998,DELETE
mens-raglan-sleeve-performance-t-shirt,UPDATE,https://cdn.shopify.com/s/files/1/0799/8639/3320/files/b7-m-raglan-detail.png?v=1785433998,DELETE
mens-regular-fit-performance-shorts,UPDATE,https://cdn.shopify.com/s/files/1/0799/8639/3320/files/hf_20260730_023608_18294aab-813b-4532-8b47-a12db3fb71c7.png?v=1785382626,DELETE
mens-regular-fit-performance-shorts,UPDATE,https://cdn.shopify.com/s/files/1/0799/8639/3320/files/hf_20260730_023614_3f875fc7-3d7e-4b64-b518-03535653472e.png?v=1785382626,DELETE
mens-regular-fit-performance-shorts,UPDATE,https://cdn.shopify.com/s/files/1/0799/8639/3320/files/hf_20260730_023610_4a442717-1e8b-4b17-ba53-5ff7109f3915.png?v=1785382626,DELETE
mens-regular-fit-performance-shorts,UPDATE,https://cdn.shopify.com/s/files/1/0799/8639/3320/files/hf_20260730_023612_80fa212b-9a83-4654-a478-c2b9fc10cf15.png?v=1785382626,DELETE
mens-regular-fit-performance-shorts,UPDATE,https://cdn.shopify.com/s/files/1/0799/8639/3320/files/hf_20260730_023616_445d092d-af95-4f29-8b61-1c46b72076d3.png?v=1785382626,DELETE
soft-hooded-sports-jacket,UPDATE,https://cdn.shopify.com/s/files/1/0799/8639/3320/files/hf_20260801_154632_bf599b31-a431-48df-b92c-1e760dcf7f2c.png?v=1785599281,DELETE
two-tone-raglan-sleeve-varsity-jacket,UPDATE,https://cdn.shopify.com/s/files/1/0799/8639/3320/files/b4-varsity-2tone-onmodel.png?v=1785434093,DELETE
two-tone-fleeced-varsity-jacket,UPDATE,https://cdn.shopify.com/s/files/1/0799/8639/3320/files/hf_20260801_141242_8917d3da-470f-4b9f-906d-720b73b41493.png?v=1785593646,DELETE
two-tone-fleeced-varsity-jacket,UPDATE,https://cdn.shopify.com/s/files/1/0799/8639/3320/files/b4-varsity-fleece-onmodel.png?v=1785434093,DELETE
unisex-color-block-jacquard-soccer-jersey,UPDATE,https://cdn.shopify.com/s/files/1/0799/8639/3320/files/b4-jacquard-jersey-onmodel.png?v=1785434123,DELETE
unisex-color-block-polo-shirt,UPDATE,https://cdn.shopify.com/s/files/1/0799/8639/3320/files/hf_20260801_141234_aef4d6d2-252d-4fcf-a087-698adb7cb795.png?v=1785593638,DELETE
unisex-color-block-polo-shirt,UPDATE,https://cdn.shopify.com/s/files/1/0799/8639/3320/files/b4-polo-onmodel.png?v=1785434122,DELETE
unisex-mesh-basketball-shorts,UPDATE,https://cdn.shopify.com/s/files/1/0799/8639/3320/files/hf_20260801_141231_89e7c3ed-8825-404b-aebd-3d367f20f43f.png?v=1785593636,DELETE
unisex-panel-mesh-sleeveless-hoodie,UPDATE,https://cdn.shopify.com/s/files/1/0799/8639/3320/files/hf_20260801_141229_2de80133-155d-4c1e-8a01-1d7ea5434f2e.png?v=1785593636,DELETE
unisex-raglan-sleeve-mesh-boxy-t-shirt,UPDATE,https://cdn.shopify.com/s/files/1/0799/8639/3320/files/b4-mesh-boxy-onmodel.png?v=1785434122,DELETE
cropped-half-zip-hoodie,UPDATE,https://cdn.shopify.com/s/files/1/0799/8639/3320/files/hf_20260801_154644_c56ec524-7839-4e2a-ad7a-9bfd104e69e0.png?v=1785599290,DELETE
women-s-high-waisted-ankle-leggings,UPDATE,https://cdn.shopify.com/s/files/1/0799/8639/3320/files/b4-w-hw-leggings-onmodel.png?v=1785434123,DELETE
women-s-cropped-sports-bra-1,UPDATE,https://cdn.shopify.com/s/files/1/0799/8639/3320/files/hf_20260730_184220_dca4900a-86d0-4fd3-977e-71dc42555437.png?v=1785437083,DELETE
women-s-cropped-sports-bra-1,UPDATE,https://cdn.shopify.com/s/files/1/0799/8639/3320/files/hf_20260730_184226_32a1055e-2a9e-4e47-86b1-915c48228b5e.png?v=1785437083,DELETE
women-s-cropped-sports-bra-1,UPDATE,https://cdn.shopify.com/s/files/1/0799/8639/3320/files/hf_20260730_184222_7d9c2077-c7b9-43f7-9577-4b2b5e845222.png?v=1785437083,DELETE
women-s-cropped-sports-bra-1,UPDATE,https://cdn.shopify.com/s/files/1/0799/8639/3320/files/hf_20260730_184224_29fe3d03-119c-4189-b1d9-8c4704ee9db1.png?v=1785437083,DELETE
women-s-cropped-sports-bra-1,UPDATE,https://cdn.shopify.com/s/files/1/0799/8639/3320/files/hf_20260730_184228_385c7703-df8b-4111-8c87-fe682f89532a.png?v=1785437083,DELETE
women-s-high-waisted-flare-leggings,UPDATE,https://cdn.shopify.com/s/files/1/0799/8639/3320/files/b4-w-flare-leggings-onmodel.png?v=1785434123,DELETE
women-s-pleated-a-line-tennis-skirt,UPDATE,https://cdn.shopify.com/s/files/1/0799/8639/3320/files/q5-skirt-studio.png?v=1785429585,DELETE
women-s-pleated-a-line-tennis-skirt,UPDATE,https://cdn.shopify.com/s/files/1/0799/8639/3320/files/q5-skirt-life_e861431c-bba6-4f2b-89d2-2d28e82a0347.png?v=1785429585,DELETE
women-s-pleated-a-line-tennis-skirt,UPDATE,https://cdn.shopify.com/s/files/1/0799/8639/3320/files/q5-skirt-back.png?v=1785429585,DELETE
women-s-pleated-a-line-tennis-skirt,UPDATE,https://cdn.shopify.com/s/files/1/0799/8639/3320/files/q5-skirt-detail.png?v=1785429585,DELETE
women-s-pleated-a-line-tennis-skirt,UPDATE,https://cdn.shopify.com/s/files/1/0799/8639/3320/files/q5-skirt-candid.png?v=1785429585,DELETE
women-s-raglan-training-t-shirt,UPDATE,https://cdn.shopify.com/s/files/1/0799/8639/3320/files/b13-w-raglan-front.png?v=1785433999,DELETE
women-s-raglan-training-t-shirt,UPDATE,https://cdn.shopify.com/s/files/1/0799/8639/3320/files/b13-w-raglan-back.png?v=1785433999,DELETE
women-s-raglan-training-t-shirt,UPDATE,https://cdn.shopify.com/s/files/1/0799/8639/3320/files/b13-w-raglan-detail.png?v=1785434000,DELETE
women-s-slim-fit-full-zip-yoga-jacket,UPDATE,https://cdn.shopify.com/s/files/1/0799/8639/3320/files/hf_20260801_154649_b554dca4-9af7-4bf3-bec0-97e1c0c8107c.png?v=1785599290,DELETE
women-s-high-rise-color-block-yoga-shorts,UPDATE,https://cdn.shopify.com/s/files/1/0799/8639/3320/files/b6-w-cb-shorts-onmodel.png?v=1785434151,DELETE
women-s-twist-front-v-neck-sports-bra,UPDATE,https://cdn.shopify.com/s/files/1/0799/8639/3320/files/q7-twistbra-studio.png?v=1785382714,DELETE
women-s-twist-front-v-neck-sports-bra,UPDATE,https://cdn.shopify.com/s/files/1/0799/8639/3320/files/q7-twistbra-life.png?v=1785382714,DELETE
women-s-twist-front-v-neck-sports-bra,UPDATE,https://cdn.shopify.com/s/files/1/0799/8639/3320/files/q7-twistbra-back.png?v=1785382714,DELETE
women-s-twist-front-v-neck-sports-bra,UPDATE,https://cdn.shopify.com/s/files/1/0799/8639/3320/files/q7-twistbra-detail.png?v=1785382714,DELETE
women-s-twist-front-v-neck-sports-bra,UPDATE,https://cdn.shopify.com/s/files/1/0799/8639/3320/files/q7-twistbra-candid.png?v=1785382714,DELETE
