Redirect from,Redirect to
/collections/bottoms,/pages/about-us
/collections/mens-activewear,/pages/about-us
/collections/training,/pages/about-us
/collections/yoga-studio,/pages/about-us
/products/classic-stripe-trim-basketball-shorts,/pages/about-us
/products/cropped-half-zip-hoodie,/pages/about-us
/products/cropped-zip-through-hoodie,/pages/about-us
/products/high-waisted-blend-biker-shorts,/pages/about-us
/products/high-waisted-yoga-leggings,/pages/about-us
/products/men-s-jacquard-performance-tank-top,/pages/about-us
/products/men-s-jacquard-slim-mesh-t-shirt,/pages/about-us
/products/men-s-lightweight-performance-t-shirt,/pages/about-us
/products/men-s-performance-regular-fit-t-shirt,/pages/about-us
/products/men-s-quarter-zip-raglan-training-t-shirt,/pages/about-us
/products/men-s-regular-fit-training-t-shirt,/pages/about-us
/products/men-s-slim-fit-topstitch-tank-top,/pages/about-us
/products/men-s-tapered-leg-drawstring-joggers,/pages/about-us
/products/men-s-tight-cycling-shorts,/pages/about-us
/products/mens-drawstring-basketball-shorts,/pages/about-us
/products/mens-drawstring-joggers,/pages/about-us
/products/mens-drawstring-shorts,/pages/about-us
/products/mens-lightweight-performance-t-shirt,/pages/about-us
/products/mens-lightweight-training-t-shirt,/pages/about-us
/products/mens-performance-tank-top,/pages/about-us
/products/mens-piping-straight-leg-sweatpants,/pages/about-us
/products/mens-regular-fit-performance-shorts,/pages/about-us
/products/mens-regular-fit-performance-t-shirt,/pages/about-us
/products/performance-long-sleeve-t-shirt,/pages/about-us
/products/performance-short-sleeve-t-shirt,/pages/about-us
/products/soft-hooded-sports-jacket,/pages/about-us
/products/two-tone-fleeced-varsity-jacket,/pages/about-us
/products/unisex-boxy-striped-collared-soccer-jersey,/pages/about-us
/products/unisex-boxy-v-neck-soccer-jersey,/pages/about-us
/products/unisex-color-block-jacquard-soccer-jersey,/pages/about-us
/products/unisex-color-block-long-sleeve-jersey,/pages/about-us
/products/unisex-mesh-basketball-shorts,/pages/about-us
/products/unisex-panel-mesh-sleeveless-hoodie,/pages/about-us
/products/unisex-paneled-raglan-soccer-jersey,/pages/about-us
/products/unisex-raglan-sleeve-mesh-boxy-t-shirt,/pages/about-us
/products/unisex-striped-raglan-jersey,/pages/about-us
/products/women-s-color-block-a-line-skirt,/pages/about-us
/products/women-s-color-block-ruched-v-neck-sports-bra,/pages/about-us
/products/women-s-color-block-yoga-sports-bra,/pages/about-us
/products/women-s-color-block-yoga-tank-top,/pages/about-us
/products/women-s-cropped-sports-bra,/pages/about-us
/products/women-s-cropped-sports-bra-1,/pages/about-us
/products/women-s-faux-denim-zip-fly-leggings,/pages/about-us
/products/women-s-halter-cropped-sports-bra,/pages/about-us
/products/women-s-high-rise-ankle-length-leggings,/pages/about-us
/products/women-s-high-rise-flared-yoga-pants,/pages/about-us
/products/women-s-high-rise-topstitching-leggings,/pages/about-us
/products/women-s-high-waisted-ankle-leggings,/pages/about-us
/products/women-s-high-waisted-flare-leggings,/pages/about-us
/products/women-s-high-waisted-pocket-biker-shorts,/pages/about-us
/products/women-s-high-waisted-yoga-leggings,/pages/about-us
/products/women-s-quarter-zip-yoga-pullover,/pages/about-us
/products/women-s-raglan-training-t-shirt,/pages/about-us
/products/women-s-slim-fit-full-zip-yoga-jacket,/pages/about-us
/products/women-s-solid-high-rise-leggings,/pages/about-us
/products/women-s-tight-cropped-sports-bra,/pages/about-us
/products/women-s-twist-front-v-neck-sports-bra,/pages/about-us
/products/womens-color-block-yoga-leggings,/pages/about-us
/products/womens-color-block-yoga-sports-bra,/pages/about-us
/products/womens-criss-cross-band-sports-bra,/pages/about-us
/products/womens-cropped-v-neck-sports-bra,/pages/about-us
/products/womens-cropped-yoga-tank-top,/pages/about-us
/products/womens-drawstring-bermuda-shorts,/pages/about-us
/products/womens-full-zip-sports-jacket,/pages/about-us
/products/womens-halter-neck-yoga-sports-bra,/pages/about-us
/products/womens-halter-v-neck-yoga-tank-top,/pages/about-us
/products/womens-halter-yoga-sports-bra,/pages/about-us
/products/womens-halter-yoga-tank-top,/pages/about-us
/products/womens-high-rise-ankle-length-leggings,/pages/about-us
/products/womens-high-rise-flared-leggings,/pages/about-us
/products/womens-high-rise-yoga-pants,/pages/about-us
/products/womens-high-rise-yoga-shorts,/pages/about-us
/products/womens-high-waist-tapered-leggings,/pages/about-us
/products/womens-hollow-out-yoga-tank-top,/pages/about-us
/products/womens-performance-crop-t-shirt,/pages/about-us
/products/womens-regular-fit-crewneck-t-shirt,/pages/about-us
/products/womens-tight-yoga-sports-bra,/pages/about-us
/products/womens-topstitching-yoga-sports-bra,/pages/about-us
/products/womens-topstitching-yoga-tank-top,/pages/about-us
/products/womens-u-neck-yoga-sports-bra,/pages/about-us
/products/womens-yoga-tank-top,/pages/about-us
