Redirect from,Redirect to
/blogs/news/12-bodyweight-exercises-that-scale-from-beginner-to-advanced,/blogs/news
/blogs/news/20-minute-hiit-workout-you-can-do-anywhere-no-equipment,/blogs/news
/blogs/news/2026-activewear-trends-what-s-worth-buying-into,/blogs/news
/blogs/news/3-day-full-body-workout-plan-for-busy-weeks,/blogs/news
/blogs/news/30-minute-treadmill-workouts-that-aren-t-boring,/blogs/news
/blogs/news/a-realistic-flexibility-program-for-stiff-lifters,/blogs/news
/blogs/news/active-recovery-days-what-to-actually-do,/blogs/news
/blogs/news/activewear-color-trends-2026-what-s-in-and-what-s-fading,/blogs/news
/blogs/news/activewear-for-work-from-home-comfortable-but-presentable,/blogs/news
/blogs/news/air-bike-workouts-short-brutal-effective,/blogs/news
/blogs/news/airport-athleisure-comfortable-travel-outfits-that-look-put-together,/blogs/news
/blogs/news/ankle-mobility-fix-the-weakest-link-in-your-squat,/blogs/news
/blogs/news/are-expensive-sports-bras-worth-it-what-you-re-paying-for,/blogs/news
/blogs/news/arm-day-that-works-biceps-and-triceps-programming,/blogs/news
/blogs/news/athleisure-for-european-travel-blending-in-while-comfortable,/blogs/news
/blogs/news/athleisure-outfit-ideas-12-looks-that-work-beyond-the-gym,/blogs/news
/blogs/news/athletic-conditioning-train-like-an-athlete-not-a-bodybuilder,/blogs/news
/blogs/news/back-workout-fundamentals-width-vs-thickness,/blogs/news
/blogs/news/balance-training-why-it-matters-before-you-think-it-does,/blogs/news
/blogs/news/battle-ropes-workouts-and-form-for-beginners,/blogs/news
/blogs/news/beginner-5k-training-plan-couch-to-finish-line-in-8-weeks,/blogs/news
/blogs/news/beginner-leg-day-workout-6-exercises-that-build-a-base,/blogs/news
/blogs/news/beginner-yoga-flow-a-15-minute-morning-sequence,/blogs/news
/blogs/news/bench-press-basics-setup-arch-and-bar-path,/blogs/news
/blogs/news/bent-over-rows-form-guide-for-a-stronger-back,/blogs/news
/blogs/news/bermuda-shorts-styling-sporty-not-sloppy,/blogs/news
/blogs/news/best-activewear-colors-for-your-skin-tone-a-practical,/blogs/news
/blogs/news/best-activewear-for-fall-transitional-pieces-that-earn-space,/blogs/news
/blogs/news/best-activewear-for-spring-training-outdoors,/blogs/news
/blogs/news/best-activewear-for-teens-starting-sports,/blogs/news
/blogs/news/best-activewear-gifts-under-50,/blogs/news
/blogs/news/best-anti-chafe-activewear-choices-for-long-sessions,/blogs/news
/blogs/news/best-basketball-shorts-for-pickup-games,/blogs/news
/blogs/news/best-bermuda-shorts-for-modest-coverage-workouts,/blogs/news
/blogs/news/best-crop-tops-for-working-out-support-and-coverage,/blogs/news
/blogs/news/best-drawstring-shorts-why-the-humble-drawstring-wins,/blogs/news
/blogs/news/best-faux-denim-activewear-the-jeans-that-stretch-trend,/blogs/news
/blogs/news/best-first-activewear-pieces-for-new-gym-goers,/blogs/news
/blogs/news/best-gym-hoodies-for-gym-to-street-looks-a-complete-buying,/blogs/news
/blogs/news/best-gym-hoodies-for-men-warmth-without-bulk,/blogs/news
/blogs/news/best-gym-hoodies-for-rest-days-the-no-regrets,/blogs/news
/blogs/news/best-gym-hoodies-for-running-in-cold-weather-what-to-look-for,/blogs/news
/blogs/news/best-gym-hoodies-for-warm-ups-how-to-choose,/blogs/news
/blogs/news/best-gym-hoodies-for-winter-training-features-that-actually-matter,/blogs/news
/blogs/news/best-gym-hoodies-for-women-cropped-zip-and-classic,/blogs/news
/blogs/news/best-gym-shorts-for-basketball-what-to-look-for,/blogs/news
/blogs/news/best-gym-shorts-for-big-and-tall-guys-a-complete-buying,/blogs/news
/blogs/news/best-gym-shorts-for-boxing-the-no-regrets,/blogs/news
/blogs/news/best-gym-shorts-for-crossfit-the-no-regrets,/blogs/news
/blogs/news/best-gym-shorts-for-everyday-wear-how-to-choose,/blogs/news
/blogs/news/best-gym-shorts-for-hiit-features-that-actually-matter,/blogs/news
/blogs/news/best-gym-shorts-for-leg-day-how-to-choose,/blogs/news
/blogs/news/best-gym-shorts-for-running-features-that-actually-matter,/blogs/news
/blogs/news/best-gym-shorts-for-summer-heat-a-complete-buying,/blogs/news
/blogs/news/best-gym-shorts-for-travel-what-to-look-for,/blogs/news
/blogs/news/best-gym-tank-tops-with-built-in-style-jacquard-and-slim-fits,/blogs/news
/blogs/news/best-halter-neck-sports-bras-and-tanks,/blogs/news
/blogs/news/best-high-rise-workout-shorts-for-women,/blogs/news
/blogs/news/best-joggers-for-cold-weather-runs-what-to-look-for,/blogs/news
/blogs/news/best-joggers-for-gym-sessions-how-to-choose,/blogs/news
/blogs/news/best-joggers-for-lounging-the-no-regrets,/blogs/news
/blogs/news/best-joggers-for-travel-features-that-actually-matter,/blogs/news
/blogs/news/best-leggings-for-beginners-at-the-gym-a-complete-buying,/blogs/news
/blogs/news/best-leggings-for-crossfit-features-that-actually-matter,/blogs/news
/blogs/news/best-leggings-for-everyday-wear-what-to-look-for,/blogs/news
/blogs/news/best-leggings-for-hiit-workouts-a-complete-buying,/blogs/news
/blogs/news/best-leggings-for-hot-yoga-features-that-actually-matter,/blogs/news
/blogs/news/best-leggings-for-petite-women-features-that-actually-matter,/blogs/news
/blogs/news/best-leggings-for-pilates-the-no-regrets,/blogs/news
/blogs/news/best-leggings-for-running-what-to-look-for,/blogs/news
/blogs/news/best-leggings-for-spin-class-how-to-choose,/blogs/news
/blogs/news/best-leggings-for-squats,/blogs/news
/blogs/news/best-leggings-for-summer-heat-a-complete-buying,/blogs/news
/blogs/news/best-leggings-for-tall-women-the-no-regrets,/blogs/news
/blogs/news/best-leggings-for-travel-what-to-look-for,/blogs/news
/blogs/news/best-leggings-for-weightlifting-how-to-choose,/blogs/news
/blogs/news/best-leggings-for-winter-training-how-to-choose,/blogs/news
/blogs/news/best-leggings-with-pockets-for-everyday-errands-the-no-regrets,/blogs/news
/blogs/news/best-leggings-with-pockets-for-hiking-features-that-actually-matter,/blogs/news
/blogs/news/best-leggings-with-pockets-for-running-a-complete-buying,/blogs/news
/blogs/news/best-leggings-with-pockets-for-travel-how-to-choose,/blogs/news
/blogs/news/best-lightweight-jackets-for-runners,/blogs/news
/blogs/news/best-long-sleeve-workout-shirts-for-cold-weather-running-the-no-regret,/blogs/news
/blogs/news/best-long-sleeve-workout-shirts-for-gym-warm-ups-what-to-look-for,/blogs/news
/blogs/news/best-long-sleeve-workout-shirts-for-hiking-a-complete-buying,/blogs/news
/blogs/news/best-long-sleeve-workout-shirts-for-layering-how-to-choose,/blogs/news
/blogs/news/best-long-sleeve-yoga-tops-and-shrugs,/blogs/news
/blogs/news/best-matching-workout-sets-how-to-build-yours,/blogs/news
/blogs/news/best-mesh-training-shirts-for-maximum-airflow,/blogs/news
/blogs/news/best-performance-polo-shirts-gym-grade-fabric-collared-look,/blogs/news
/blogs/news/best-pullovers-for-cool-down-walks,/blogs/news
/blogs/news/best-quarter-zip-tops-the-most-versatile-training-layer,/blogs/news
/blogs/news/best-ruched-activewear-flattering-details-that-function,/blogs/news
/blogs/news/best-sports-bras-for-boxing-features-that-actually-matter,/blogs/news
/blogs/news/best-sports-bras-for-everyday-wear-features-that-actually-matter,/blogs/news
/blogs/news/best-sports-bras-for-high-impact-workouts-how-to-choose,/blogs/news
/blogs/news/best-sports-bras-for-hiit-features-that-actually-matter,/blogs/news
/blogs/news/best-sports-bras-for-hot-weather-the-no-regrets,/blogs/news
/blogs/news/best-sports-bras-for-large-busts-what-to-look-for,/blogs/news
/blogs/news/best-sports-bras-for-low-impact-workouts-a-complete-buying,/blogs/news
/blogs/news/best-sports-bras-for-running-how-to-choose,/blogs/news
/blogs/news/best-sports-bras-for-small-busts-a-complete-buying,/blogs/news
/blogs/news/best-sports-bras-for-spin-class-how-to-choose,/blogs/news
/blogs/news/best-sports-bras-for-weightlifting-what-to-look-for,/blogs/news
/blogs/news/best-sports-bras-for-yoga-the-no-regrets,/blogs/news
/blogs/news/best-sports-jackets-for-cool-morning-runs-the-no-regrets,/blogs/news
/blogs/news/best-sports-jackets-for-fall-training-a-complete-buying,/blogs/news
/blogs/news/best-sports-jackets-for-pre-workout-warm-ups-features-that-actually-ma,/blogs/news
/blogs/news/best-sports-jackets-for-studio-to-street-what-to-look-for,/blogs/news
/blogs/news/best-sports-jerseys-for-casual-wear-and-rec-leagues,/blogs/news
/blogs/news/best-sweatpants-for-training-and-lounging,/blogs/news
/blogs/news/best-tank-tops-for-back-day-a-complete-buying,/blogs/news
/blogs/news/best-tank-tops-for-bodybuilding-how-to-choose,/blogs/news
/blogs/news/best-tank-tops-for-crossfit-what-to-look-for,/blogs/news
/blogs/news/best-tank-tops-for-running-the-no-regrets,/blogs/news
/blogs/news/best-tank-tops-for-summer-training-features-that-actually-matter,/blogs/news
/blogs/news/best-tennis-outfits-skirt-top-and-layer-combinations,/blogs/news
/blogs/news/best-tennis-skirts-for-casual-summer-outfits-features-that-actually-ma,/blogs/news
/blogs/news/best-tennis-skirts-for-golf-how-to-choose,/blogs/news
/blogs/news/best-tennis-skirts-for-pickleball-a-complete-buying,/blogs/news
/blogs/news/best-tennis-skirts-for-tennis-what-to-look-for,/blogs/news
/blogs/news/best-white-training-tees-staying-crisp-and-non-sheer,/blogs/news
/blogs/news/best-workout-bodysuits-when-one-piece-beats-two,/blogs/news
/blogs/news/best-workout-rompers-and-onesies-one-piece-training-gear,/blogs/news
/blogs/news/best-workout-shorts-for-beach-runs-a-complete-buying,/blogs/news
/blogs/news/best-workout-shorts-for-casual-wear-the-no-regrets,/blogs/news
/blogs/news/best-workout-shorts-for-hiit-what-to-look-for,/blogs/news
/blogs/news/best-workout-shorts-for-hot-yoga-a-complete-buying,/blogs/news
/blogs/news/best-workout-shorts-for-running-the-no-regrets,/blogs/news
/blogs/news/best-workout-shorts-for-squats-and-leg-day-features-that-actually-matt,/blogs/news
/blogs/news/best-workout-shorts-for-summer-workouts-how-to-choose,/blogs/news
/blogs/news/best-workout-shorts-for-tennis-what-to-look-for,/blogs/news
/blogs/news/best-workout-t-shirts-for-big-and-tall-guys-features-that-actually-mat,/blogs/news
/blogs/news/best-workout-t-shirts-for-everyday-wear-a-complete-buying,/blogs/news
/blogs/news/best-workout-t-shirts-for-hot-weather-what-to-look-for,/blogs/news
/blogs/news/best-workout-t-shirts-for-running-features-that-actually-matter,/blogs/news
/blogs/news/best-workout-t-shirts-for-slim-fit-looks-how-to-choose,/blogs/news
/blogs/news/best-workout-t-shirts-for-sweaty-workouts-how-to-choose,/blogs/news
/blogs/news/best-workout-t-shirts-for-weightlifting-the-no-regrets,/blogs/news
/blogs/news/best-workout-t-shirts-for-winter-layering-the-no-regrets,/blogs/news
/blogs/news/best-workout-tops-for-hiit-what-to-look-for,/blogs/news
/blogs/news/best-workout-tops-for-hot-weather-the-no-regrets,/blogs/news
/blogs/news/best-workout-tops-for-layering-in-winter-what-to-look-for,/blogs/news
/blogs/news/best-workout-tops-for-running-a-complete-buying,/blogs/news
/blogs/news/best-workout-tops-for-studio-classes-a-complete-buying,/blogs/news
/blogs/news/best-workout-tops-for-weightlifting-features-that-actually-matter,/blogs/news
/blogs/news/best-workout-tops-for-yoga-how-to-choose,/blogs/news
/blogs/news/best-yoga-pants-for-hot-yoga-what-to-look-for,/blogs/news
/blogs/news/best-yoga-pants-for-lounging-and-errands-how-to-choose,/blogs/news
/blogs/news/best-yoga-pants-for-petite-women-a-complete-buying,/blogs/news
/blogs/news/best-yoga-pants-for-pilates-the-no-regrets,/blogs/news
/blogs/news/best-yoga-pants-for-restorative-yoga-a-complete-buying,/blogs/news
/blogs/news/best-yoga-pants-for-tall-women-what-to-look-for,/blogs/news
/blogs/news/best-yoga-pants-for-travel-days-features-that-actually-matter,/blogs/news
/blogs/news/best-yoga-pants-for-yoga-beginners-the-no-regrets,/blogs/news
/blogs/news/best-yoga-sets-pieces-that-work-together,/blogs/news
/blogs/news/best-yoga-tank-tops-for-hot-yoga-how-to-choose,/blogs/news
/blogs/news/best-yoga-tank-tops-for-layering-over-sports-bras-a-complete-buying,/blogs/news
/blogs/news/best-yoga-tank-tops-for-pilates-the-no-regrets,/blogs/news
/blogs/news/best-yoga-tank-tops-for-summer-what-to-look-for,/blogs/news
/blogs/news/best-yoga-tank-tops-for-vinyasa-flow-features-that-actually-matter,/blogs/news
/blogs/news/bike-shorts-vs-running-shorts-for-women-which-for-your-workout,/blogs/news
/blogs/news/black-friday-activewear-strategy-buy-smart-not-more,/blogs/news
/blogs/news/bold-color-activewear-how-to-wear-bright-without-neon-overload,/blogs/news
/blogs/news/boxing-basics-for-fitness-stance-punches-rounds,/blogs/news
/blogs/news/building-a-gym-wardrobe-on-a-budget-a-200-blueprint,/blogs/news
/blogs/news/building-muscle-after-50-what-changes-in-training,/blogs/news
/blogs/news/busy-parent-fitness-training-around-kids-and-chaos,/blogs/news
/blogs/news/caffeine-and-workouts-timing-dose-and-tolerance,/blogs/news
/blogs/news/calf-training-why-they-lag-and-how-to-fix-it,/blogs/news
/blogs/news/can-you-hike-in-leggings-trail-suitability,/blogs/news
/blogs/news/can-you-run-in-yoga-pants-when-it-works-and-when-it-doesn-t,/blogs/news
/blogs/news/can-you-swim-in-workout-clothes,/blogs/news
/blogs/news/can-you-wear-leggings-as-pants-the-honest-style-answer,/blogs/news
/blogs/news/cardio-before-or-after-weights-the-order-that-fits-your-goal,/blogs/news
/blogs/news/chest-day-basics-pressing-flyes-and-angles,/blogs/news
/blogs/news/circuit-training-at-home-formats-for-any-space,/blogs/news
/blogs/news/cold-plunge-and-sauna-day-outfits-what-to-wear-to-recovery-studios,/blogs/news
/blogs/news/cold-showers-and-ice-baths-what-evidence-actually-shows,/blogs/news
/blogs/news/cold-weather-training-layering-and-safety-basics,/blogs/news
/blogs/news/college-gym-outfits-affordable-and-practical,/blogs/news
/blogs/news/compression-vs-loose-workout-clothes-what-science-and-comfort-say,/blogs/news
/blogs/news/coordinating-colors-in-activewear-a-simple-system,/blogs/news
/blogs/news/core-finishers-10-minute-ab-circuits-to-end-any-session,/blogs/news
/blogs/news/cotton-blends-in-loungewear-when-28-cotton-is-the-point,/blogs/news
/blogs/news/cotton-vs-performance-blends-for-rest-day-wear,/blogs/news
/blogs/news/creatine-101-what-it-does-and-who-it-s-for,/blogs/news
/blogs/news/crop-top-vs-full-length-training-tops-practical-differences,/blogs/news
/blogs/news/cropped-vs-full-length-hoodies-styling-and-function,/blogs/news
/blogs/news/date-ready-after-the-gym-20-minute-turnarounds,/blogs/news
/blogs/news/deload-weeks-what-they-are-and-when-you-need-one,/blogs/news
/blogs/news/desk-stretches-you-can-do-in-work-clothes,/blogs/news
/blogs/news/desk-worker-fitness-undoing-8-hours-of-sitting,/blogs/news
/blogs/news/do-compression-clothes-actually-improve-performance,/blogs/news
/blogs/news/do-you-need-different-clothes-for-yoga-vs-the-gym,/blogs/news
/blogs/news/do-you-really-need-10-000-steps-a-day,/blogs/news
/blogs/news/does-sweating-more-mean-you-re-burning-more-calories,/blogs/news
/blogs/news/dog-walking-outfits-weatherproof-athleisure-formulas,/blogs/news
/blogs/news/doms-explained-why-you-re-sore-and-what-helps,/blogs/news
/blogs/news/drawstring-vs-elastic-waistbands-in-training-shorts,/blogs/news
/blogs/news/dumbbell-only-upper-body-workout-for-small-home-gyms,/blogs/news
/blogs/news/emom-workouts-8-formats-from-10-to-30-minutes,/blogs/news
/blogs/news/errand-run-uniforms-athleisure-formulas-that-always-work,/blogs/news
/blogs/news/explosive-power-training-jumps-throws-and-speed-work,/blogs/news
/blogs/news/face-pulls-the-shoulder-health-exercise-everyone-skips,/blogs/news
/blogs/news/farmer-s-carries-grip-posture-and-programming,/blogs/news
/blogs/news/fat-loss-fundamentals-the-boring-basics-that-work,/blogs/news
/blogs/news/father-s-day-gifts-for-gym-dads,/blogs/news
/blogs/news/festival-athleisure-comfortable-outfits-that-go-the-distance,/blogs/news
/blogs/news/first-gym-session-outfit-dressing-to-feel-confident,/blogs/news
/blogs/news/fitness-after-40-what-changes-and-what-doesn-t,/blogs/news
/blogs/news/flared-leggings-vs-ankle-length-leggings-pros-and-cons,/blogs/news
/blogs/news/foam-rolling-what-it-does-and-how-to-use-it,/blogs/news
/blogs/news/forearm-and-grip-training-for-bigger-lifts,/blogs/news
/blogs/news/free-weights-vs-machines-for-beginners,/blogs/news
/blogs/news/from-studio-to-school-run-multi-mission-morning-outfits,/blogs/news
/blogs/news/full-body-vs-split-training-which-builds-muscle-faster,/blogs/news
/blogs/news/functional-fitness-separating-useful-from-buzzword,/blogs/news
/blogs/news/gifts-for-gym-lovers-a-no-miss-guide-by-budget,/blogs/news
/blogs/news/glute-workout-guide-8-exercises-ranked-by-effectiveness,/blogs/news
/blogs/news/goblet-squats-the-best-squat-variation-for-beginners,/blogs/news
/blogs/news/golden-hour-runs-dressing-for-sunrise-and-sunset-sessions,/blogs/news
/blogs/news/golf-to-gym-crossover-pieces-worth-owning,/blogs/news
/blogs/news/grease-the-groove-build-pull-up-strength-without-burnout,/blogs/news
/blogs/news/group-fitness-classes-a-first-timer-s-field,/blogs/news
/blogs/news/gym-anxiety-practical-ways-to-feel-at-home-training,/blogs/news
/blogs/news/gym-bag-essentials-the-complete-packing-list,/blogs/news
/blogs/news/gym-etiquette-15-unwritten-rules-nobody-tells-beginners,/blogs/news
/blogs/news/gym-fits-on-a-5-piece-rotation-a-week-of-outfits,/blogs/news
/blogs/news/gym-machines-explained-a-beginner-s-walkthrough,/blogs/news
/blogs/news/gym-myth-cardio-kills-your-gains,/blogs/news
/blogs/news/gym-myth-fasted-cardio-burns-more-fat,/blogs/news
/blogs/news/gym-myth-lifting-makes-women-bulky,/blogs/news
/blogs/news/gym-myth-machines-are-useless-compared-to-free-weights,/blogs/news
/blogs/news/gym-myth-muscle-turns-to-fat-when-you-stop,/blogs/news
/blogs/news/gym-myth-no-pain-no-gain,/blogs/news
/blogs/news/gym-myth-soreness-means-it-was-a-good-workout,/blogs/news
/blogs/news/gym-myth-toning-is-different-from-building-muscle,/blogs/news
/blogs/news/gym-myth-you-can-spot-reduce-fat,/blogs/news
/blogs/news/gym-myth-you-must-train-to-failure-to-grow,/blogs/news
/blogs/news/gym-outfits-that-photograph-well-for-your-progress-pics,/blogs/news
/blogs/news/gym-slang-decoded-prs-amraps-and-everything-between,/blogs/news
/blogs/news/gym-to-street-outfits-that-transition-without-a-locker-room,/blogs/news
/blogs/news/half-zip-vs-full-zip-workout-jackets-which-is-more-useful,/blogs/news
/blogs/news/halter-tops-beyond-the-studio-summer-styling,/blogs/news
/blogs/news/hamstring-exercises-ranked-curls-hinges-and-bridges,/blogs/news
/blogs/news/high-impact-support-what-actually-holds-during-running,/blogs/news
/blogs/news/high-rise-vs-mid-rise-leggings-how-to-choose,/blogs/news
/blogs/news/hill-sprints-the-15-minute-conditioning-cheat-code,/blogs/news
/blogs/news/hip-mobility-routine-for-lifters-who-sit-all-day,/blogs/news
/blogs/news/hip-thrusts-setup-form-and-loading,/blogs/news
/blogs/news/his-and-hers-gym-fits-coordinating-without-matching,/blogs/news
/blogs/news/holiday-travel-workout-kit-train-anywhere-in-december,/blogs/news
/blogs/news/home-gym-essentials-under-500-what-to-buy-first,/blogs/news
/blogs/news/home-workouts-vs-gym-membership-real-costs-and-results,/blogs/news
/blogs/news/hoodie-vs-sweatshirt-for-the-gym-which-one-and-when,/blogs/news
/blogs/news/hot-girl-walk-outfits-comfort-meets-confidence,/blogs/news
/blogs/news/hotel-room-workout-stay-on-track-while-traveling,/blogs/news
/blogs/news/how-long-should-a-workout-be-honest-answers-by-goal,/blogs/news
/blogs/news/how-many-sets-and-reps-a-practical-hypertrophy,/blogs/news
/blogs/news/how-many-workout-outfits-do-you-actually-need,/blogs/news
/blogs/news/how-to-brace-your-core-for-heavy-lifts,/blogs/news
/blogs/news/how-to-build-a-workout-habit-that-sticks,/blogs/news
/blogs/news/how-to-come-back-after-a-long-gym-break,/blogs/news
/blogs/news/how-to-deadlift-safely-setup-grip-and-common-mistakes,/blogs/news
/blogs/news/how-to-do-a-proper-plank-and-8-progressions,/blogs/news
/blogs/news/how-to-read-a-workout-program-sets-percentages-and-notation,/blogs/news
/blogs/news/how-to-spot-someone-on-bench-and-squat,/blogs/news
/blogs/news/how-to-squat-with-proper-form-a-step-by-step,/blogs/news
/blogs/news/how-to-start-running-week-one-to-month-three,/blogs/news
/blogs/news/how-to-style-a-cropped-hoodie-proportions-that-work,/blogs/news
/blogs/news/how-to-style-flared-leggings-8-outfits-from-studio-to-street,/blogs/news
/blogs/news/how-to-style-joggers-for-men-beyond-the-couch,/blogs/news
/blogs/news/how-to-warm-up-for-lifting-a-6-minute-routine,/blogs/news
/blogs/news/hydration-for-training-how-much-water-you-really-need,/blogs/news
/blogs/news/interval-running-for-beginners-walk-run-to-speedwork,/blogs/news
/blogs/news/is-it-ok-to-wear-the-same-gym-clothes-twice,/blogs/news
/blogs/news/is-walking-enough-exercise-an-honest-assessment,/blogs/news
/blogs/news/joggers-vs-sweatpants-differences-and-when-to-wear-each,/blogs/news
/blogs/news/jump-rope-workouts-from-first-skip-to-10-minute-rounds,/blogs/news
/blogs/news/kettlebell-basics-6-moves-that-cover-your-whole-body,/blogs/news
/blogs/news/layering-a-cropped-half-zip-fall-s-easiest-formula,/blogs/news
/blogs/news/layering-activewear-for-fall-a-practical-system,/blogs/news
/blogs/news/leggings-vs-yoga-pants-which-should-you-train-in,/blogs/news
/blogs/news/long-run-fueling-what-to-eat-before-60-minutes,/blogs/news
/blogs/news/lunch-break-workouts-30-minutes-door-to-door,/blogs/news
/blogs/news/lunge-variations-7-types-and-when-to-use-them,/blogs/news
/blogs/news/marathon-spectator-to-runner-catching-the-race-bug,/blogs/news
/blogs/news/matching-sets-for-men-the-coordinated-look-without-trying,/blogs/news
/blogs/news/matching-workout-sets-why-they-work-and-how-to-wear-them,/blogs/news
/blogs/news/maternity-friendly-activewear-from-a-regular-line-what-works,/blogs/news
/blogs/news/men-s-athleisure-building-a-weekend-uniform,/blogs/news
/blogs/news/mind-muscle-connection-real-effect-or-gym-folklore,/blogs/news
/blogs/news/monochrome-activewear-building-tonal-looks,/blogs/news
/blogs/news/monochrome-black-vs-tonal-neutrals-picking-your-gym-palette,/blogs/news
/blogs/news/morning-stretch-routine-8-minutes-before-coffee,/blogs/news
/blogs/news/mother-s-day-activewear-gift,/blogs/news
/blogs/news/muscle-building-for-beginners-a-90-day-roadmap,/blogs/news
/blogs/news/muscular-endurance-training-higher-reps-with-purpose,/blogs/news
/blogs/news/music-and-workouts-what-tempo-does-to-performance,/blogs/news
/blogs/news/neutral-activewear-capsule-10-pieces-20-outfits,/blogs/news
/blogs/news/new-year-fitness-resolutions-that-survive-february,/blogs/news
/blogs/news/new-year-gym-wardrobe-reset-what-to-keep-toss-and-buy,/blogs/news
/blogs/news/oblique-training-rotation-anti-rotation-and-side-bends,/blogs/news
/blogs/news/overhead-press-form-mobility-checks-and-cues,/blogs/news
/blogs/news/overtraining-signs-when-more-isn-t-better,/blogs/news
/blogs/news/petite-athleisure-styling-proportion-tricks-that-work,/blogs/news
/blogs/news/pickleball-outfits-what-to-wear-for-america-s-fastest-growing-sport,/blogs/news
/blogs/news/pilates-core-work-beyond-crunches,/blogs/news
/blogs/news/pilates-vs-yoga-which-practice-fits-your-goals,/blogs/news
/blogs/news/post-beach-day-care-for-swim-and-activewear,/blogs/news
/blogs/news/post-gym-brunch-outfits-athleisure-that-passes-at-the-table,/blogs/news
/blogs/news/post-workout-meals-simple-templates-that-work,/blogs/news
/blogs/news/post-workout-stretching-a-10-minute-full-body-routine,/blogs/news
/blogs/news/postpartum-activewear-comfort-first-choices-that-work,/blogs/news
/blogs/news/posture-exercises-that-undo-desk-damage,/blogs/news
/blogs/news/pre-workout-nutrition-what-to-eat-and-when,/blogs/news
/blogs/news/progressive-overload-the-only-rule-that-really-matters,/blogs/news
/blogs/news/protein-basics-how-much-you-need-and-when-it-matters,/blogs/news
/blogs/news/pull-up-progression-from-dead-hang-to-first-rep,/blogs/news
/blogs/news/push-pull-legs-explained-the-simplest-effective-split,/blogs/news
/blogs/news/push-up-form-fixes-for-sagging-hips-and-flared-elbows,/blogs/news
/blogs/news/quad-focused-leg-training-beyond-back-squats,/blogs/news
/blogs/news/quality-activewear-under-50-what-39-99-should-get-you,/blogs/news
/blogs/news/quiet-luxury-activewear-the-understated-gym-look,/blogs/news
/blogs/news/racerback-vs-halter-sports-bras-support-and-style-compared,/blogs/news
/blogs/news/rainy-day-athleisure-staying-dry-without-a-full-shell,/blogs/news
/blogs/news/resistance-band-full-body-workout-for-travel-and-home,/blogs/news
/blogs/news/rest-between-sets-how-long-by-goal,/blogs/news
/blogs/news/rest-days-how-many-you-need-and-what-to-do,/blogs/news
/blogs/news/retro-gym-style-90s-fitness-fashion-comeback,/blogs/news
/blogs/news/romanian-deadlifts-form-guide-and-programming-tips,/blogs/news
/blogs/news/rowing-machine-basics-form-first-then-fitness,/blogs/news
/blogs/news/rpe-explained-training-by-feel-precisely,/blogs/news
/blogs/news/rucking-walking-with-weight-for-strength-and-cardio,/blogs/news
/blogs/news/running-form-basics-cadence-footstrike-and-posture,/blogs/news
/blogs/news/running-in-shorts-vs-leggings-temperature,/blogs/news
/blogs/news/running-in-the-rain-gear-and-safety,/blogs/news
/blogs/news/running-vs-incline-walking-for-fat-loss,/blogs/news
/blogs/news/sauna-after-training-benefits-and-practical-rules,/blogs/news
/blogs/news/setting-fitness-goals-you-ll-actually-hit-this-year,/blogs/news
/blogs/news/shin-splints-prevention-and-comeback-plan,/blogs/news
/blogs/news/should-you-train-every-day-frequency-by-goal-and-level,/blogs/news
/blogs/news/should-you-wear-a-hoodie-to-sweat-more-during-workouts,/blogs/news
/blogs/news/shoulder-workout-guide-building-all-three-delts,/blogs/news
/blogs/news/six-pack-truths-training-and-the-role-of-body-fat,/blogs/news
/blogs/news/sleep-and-muscle-growth-the-recovery-tool-you-re-ignoring,/blogs/news
/blogs/news/sports-bra-as-a-top-when-it-works-and-how-to-style-it,/blogs/news
/blogs/news/sports-bra-vs-regular-bra-for-working-out-why-it-matters,/blogs/news
/blogs/news/spring-activewear-refresh-what-to-rotate-in,/blogs/news
/blogs/news/stair-workouts-the-most-underrated-cardio-in-your-building,/blogs/news
/blogs/news/step-ups-the-most-underrated-leg-exercise,/blogs/news
/blogs/news/streetwear-meets-gymwear-crossover-styling-rules,/blogs/news
/blogs/news/strength-training-for-runners-2-days-that-change-everything,/blogs/news
/blogs/news/stretching-before-vs-after-workouts-what-research-says,/blogs/news
/blogs/news/summer-body-truth-what-12-weeks-can-realistically-do,/blogs/news
/blogs/news/summer-gym-outfits-staying-cool-when-it-s-brutal-outside,/blogs/news
/blogs/news/sun-salutations-explained-the-sequence-that-teaches-yoga,/blogs/news
/blogs/news/supersets-dropsets-and-circuits-when-to-use-each,/blogs/news
/blogs/news/swimming-for-fitness-a-lifter-s-introduction,/blogs/news
/blogs/news/tabata-explained-what-4-minutes-can-and-can-t-do,/blogs/news
/blogs/news/tall-athleisure-styling-making-standard-lengths-look-intentional,/blogs/news
/blogs/news/tank-top-vs-t-shirt-for-lifting-does-it-matter,/blogs/news
/blogs/news/tempo-training-using-rep-speed-to-break-plateaus,/blogs/news
/blogs/news/tennis-skirt-outfits-on-court-and-off-court-styling,/blogs/news
/blogs/news/thanksgiving-turkey-trot-prep-your-first-fun-run,/blogs/news
/blogs/news/the-12-3-30-workout-honest-review-and-programming,/blogs/news
/blogs/news/the-5x5-program-explained-strength-training-that-works,/blogs/news
/blogs/news/the-activewear-capsule-wardrobe-a-buy-once-framework,/blogs/news
/blogs/news/the-all-black-gym-outfit-why-it-works-and-how-to-style-it,/blogs/news
/blogs/news/the-best-black-leggings-why-every-wardrobe-starts-here,/blogs/news
/blogs/news/the-minimalist-gym-fit-one-formula-zero-decisions,/blogs/news
/blogs/news/the-minimum-effective-dose-staying-fit-on-90-minutes-a-week,/blogs/news
/blogs/news/the-tennis-skirt-renaissance-why-it-s-everywhere,/blogs/news
/blogs/news/tight-vs-relaxed-fit-training-tees-for-men,/blogs/news
/blogs/news/tracking-progress-measurements-that-beat-the-scale,/blogs/news
/blogs/news/training-in-summer-heat-how-to-do-it-safely,/blogs/news
/blogs/news/training-through-muscle-soreness-when-it-s-fine-and-when-it-isn-t,/blogs/news
/blogs/news/training-twice-a-day-who-should-and-who-shouldn-t,/blogs/news
/blogs/news/training-with-a-partner-making-it-help-not-hurt,/blogs/news
/blogs/news/transitional-weather-dressing-for-outdoor-workouts,/blogs/news
/blogs/news/treadmill-vs-outdoor-running-differences-that-matter,/blogs/news
/blogs/news/understated-logos-why-quiet-branding-is-winning-in-activewear,/blogs/news
/blogs/news/upf-and-sun-protection-in-workout-clothing,/blogs/news
/blogs/news/upper-lower-split-how-to-program-4-days-a-week,/blogs/news
/blogs/news/vacation-packing-a-one-bag-activewear-formula,/blogs/news
/blogs/news/valentine-s-day-gifts-for-fit-partners,/blogs/news
/blogs/news/walking-for-fitness-how-to-make-10-000-steps-count,/blogs/news
/blogs/news/wall-pilates-why-it-went-viral-and-how-to-start,/blogs/news
/blogs/news/weekend-uniform-building-your-off-duty-default,/blogs/news
/blogs/news/what-fitness-influencers-wear-vs-what-you-actually-need,/blogs/news
/blogs/news/what-is-athleisure-exactly-origins-and-how-to-wear-it,/blogs/news
/blogs/news/what-s-the-point-of-a-cropped-hoodie-function-behind-the-trend,/blogs/news
/blogs/news/what-to-bring-to-the-gym-the-complete-checklist,/blogs/news
/blogs/news/what-to-wear-hiking-in-activewear-trail-ready-layers,/blogs/news
/blogs/news/what-to-wear-to-a-crossfit-box-first-timer,/blogs/news
/blogs/news/what-to-wear-to-a-hiit-class-function-first-outfits,/blogs/news
/blogs/news/what-to-wear-to-an-indoor-climbing-gym,/blogs/news
/blogs/news/what-to-wear-to-barre-class,/blogs/news
/blogs/news/what-to-wear-to-kickboxing-and-muay-thai-classes,/blogs/news
/blogs/news/what-to-wear-to-pilates-studio-tested-outfit-advice,/blogs/news
/blogs/news/what-to-wear-to-spin-class-sweat-ready-outfits,/blogs/news
/blogs/news/what-to-wear-to-the-gym-a-no-overthinking-guide-for-women,/blogs/news
/blogs/news/what-to-wear-to-the-gym-a-simple-guide-for-men,/blogs/news
/blogs/news/what-to-wear-to-yoga-class-comfort-coverage-confidence,/blogs/news
/blogs/news/white-sneakers-and-activewear-the-always-works-pairing,/blogs/news
/blogs/news/why-are-good-leggings-expensive-a-cost-breakdown,/blogs/news
/blogs/news/why-do-basketball-shorts-have-stripes-a-design-history,/blogs/news
/blogs/news/why-do-lifters-wear-hoodies-in-the-gym,/blogs/news
/blogs/news/why-does-activewear-fit-differently-across-brands,/blogs/news
/blogs/news/why-is-the-gym-so-busy-in-january-surviving-peak-season,/blogs/news
/blogs/news/winter-running-outfits-dressing-for-20-to-40-degrees,/blogs/news
/blogs/news/working-out-in-the-morning-vs-evening-what-research-says,/blogs/news
/blogs/news/workout-motivation-systems-that-work-when-willpower-doesn-t,/blogs/news
/blogs/news/workout-romper-vs-matching-set-which-is-right-for-you,/blogs/news
/blogs/news/yoga-before-bed-a-10-minute-wind-down-sequence,/blogs/news
/blogs/news/yoga-for-lifters-mobility-where-you-need-it-most,/blogs/news
/blogs/news/yoga-for-runners-8-poses-for-tight-hips-and-hamstrings,/blogs/news
/blogs/news/yoga-leggings-vs-gym-leggings-is-there-a-difference,/blogs/news
/blogs/news/your-first-10k-an-10-week-training-plan,/blogs/news
/blogs/news/your-first-day-at-the-gym-a-no-anxiety-game-plan,/blogs/news
/blogs/news/zone-2-cardio-why-slow-running-makes-you-faster,/blogs/news
